{"loss": [0.18777593564785397, 0.10255956657371272, 0.16566797338350855, 0.1712510665040463, 0.1388184381865485, 0.12991402034653177, 0.10221685826586191, 0.10594168341776822], "mean_absolute_error": [0.25201971153728664, 0.19386326990176722, 0.21185477619821375, 0.21031936436891555, 0.1905983954148237, 0.19084123470062433, 0.17995982253274254, 0.1956804128025066], "mean_q": [0.21976075655159852, 0.07308827809144541, 0.13683671556939983, 0.11608982257544995, 0.09247951612396296, 0.0917727543301014, 0.07554118413218232, 0.07734223493290218], "mean_eps": [0.8182, 0.8164000000000001, 0.46719999999999995, 0.14960799999999985, 0.09999999999999985, 0.09999999999999985, 0.09999999999999985, 0.09999999999999988], "episode_reward": [-13.983800000000011, -3.0840150000000355, 58.666900000000005, -16.934400000000046, 13.45579999999995, 10.845802000000003, 28.675099999999976, -5.023814000000051], "nb_episode_steps": [395, 397, 396, 400, 689, 687, 688, 704], "nb_steps": [395, 397, 791, 1191, 1880, 2567, 3255, 3959], "episode": [0, 0, 1, 2, 3, 4, 5, 6], "duration": [4.18660051609204, 2.4751759284957195, 2.5604969167285185, 2.411311548633786, 3.8114034880990246, 3.799503759786244, 3.8213099932043555, 3.911909460143992]}